{
  "ants": 0.65,
  "bees": 0.8596249999999999,
  "beetle": 0.65,
  "caterpillar": 0.65,
  "earthworms": 0.65,
  "earwig": 0.65,
  "grasshopper": 0.65,
  "moth": 0.65,
  "slug": 0.7812998050000001,
  "snail": 0.65,
  "wasp": 0.65,
  "weevil": 0.65
}